{
  "dataset_overview": {
    "total_tracks": 912,
    "total_duration_hours": 56.15183833333334,
    "genre_distribution": {
      "R&B": 25,
      "Hip-Hop": 140,
      "Pop-Rock": 1,
      "Alternative": 33,
      "Metal": 32,
      "Classic Rock": 8,
      "Dance/Electronic": 129,
      "Rock": 36,
      "Pop": 422,
      "World": 1,
      "Reggaeton": 15,
      "Prog": 5,
      "Punk": 1,
      "Grunge": 6,
      "Blues": 2,
      "Funk/Disco": 14,
      "Indie Rock": 2,
      "Country": 39,
      "": 1
    },
    "time_signature_distribution": {
      "4|4": 890,
      "6|8": 14,
      "6|4": 3,
      "3|4": 4,
      "2|4": 1
    }
  },
  "tempo_statistics": {
    "min": 57.0,
    "max": 237.0,
    "mean": 113.13048245614036,
    "median": 119.0,
    "std": 25.115554709456994
  },
  "duration_statistics": {
    "min": 101.762,
    "max": 647.538,
    "mean": 221.65199342105265,
    "median": 218.591,
    "std": 59.27818224522579,
    "total_hours": 56.15183833333334
  },
  "genre_tempo_analysis": {
    "R&B": {
      "count": 25,
      "min_bpm": 79.0,
      "max_bpm": 172.0,
      "mean_bpm": 112.72,
      "median_bpm": 112.0,
      "std_bpm": 19.20108330277227
    },
    "Hip-Hop": {
      "count": 140,
      "min_bpm": 65.0,
      "max_bpm": 155.0,
      "mean_bpm": 101.16428571428571,
      "median_bpm": 98.0,
      "std_bpm": 21.422488422311766
    },
    "Pop-Rock": {
      "count": 1,
      "min_bpm": 94.0,
      "max_bpm": 94.0,
      "mean_bpm": 94.0,
      "median_bpm": 94.0,
      "std_bpm": 0.0
    },
    "Alternative": {
      "count": 33,
      "min_bpm": 61.0,
      "max_bpm": 150.0,
      "mean_bpm": 104.36363636363636,
      "median_bpm": 96.0,
      "std_bpm": 23.83633358757323
    },
    "Metal": {
      "count": 32,
      "min_bpm": 59.0,
      "max_bpm": 237.0,
      "mean_bpm": 141.65625,
      "median_bpm": 143.0,
      "std_bpm": 42.15418823720248
    },
    "Classic Rock": {
      "count": 8,
      "min_bpm": 82.0,
      "max_bpm": 150.0,
      "mean_bpm": 114.25,
      "median_bpm": 108.0,
      "std_bpm": 24.1699710384601
    },
    "Dance/Electronic": {
      "count": 129,
      "min_bpm": 77.0,
      "max_bpm": 150.0,
      "mean_bpm": 126.25581395348837,
      "median_bpm": 128.0,
      "std_bpm": 10.042760568755769
    },
    "Rock": {
      "count": 36,
      "min_bpm": 65.0,
      "max_bpm": 180.0,
      "mean_bpm": 118.05555555555556,
      "median_bpm": 126.0,
      "std_bpm": 29.305805686136324
    },
    "Pop": {
      "count": 422,
      "min_bpm": 57.0,
      "max_bpm": 214.0,
      "mean_bpm": 112.1611374407583,
      "median_bpm": 118.5,
      "std_bpm": 24.22529731470492
    },
    "World": {
      "count": 1,
      "min_bpm": 98.0,
      "max_bpm": 98.0,
      "mean_bpm": 98.0,
      "median_bpm": 98.0,
      "std_bpm": 0.0
    },
    "Reggaeton": {
      "count": 15,
      "min_bpm": 93.0,
      "max_bpm": 127.0,
      "mean_bpm": 108.73333333333333,
      "median_bpm": 105.0,
      "std_bpm": 12.217291934885662
    },
    "Prog": {
      "count": 5,
      "min_bpm": 87.0,
      "max_bpm": 180.0,
      "mean_bpm": 141.6,
      "median_bpm": 145.0,
      "std_bpm": 32.24034739266933
    },
    "Punk": {
      "count": 1,
      "min_bpm": 172.0,
      "max_bpm": 172.0,
      "mean_bpm": 172.0,
      "median_bpm": 172.0,
      "std_bpm": 0.0
    },
    "Grunge": {
      "count": 6,
      "min_bpm": 100.0,
      "max_bpm": 165.0,
      "mean_bpm": 126.33333333333333,
      "median_bpm": 124.5,
      "std_bpm": 23.192431715731942
    },
    "Blues": {
      "count": 2,
      "min_bpm": 87.0,
      "max_bpm": 152.0,
      "mean_bpm": 119.5,
      "median_bpm": 119.5,
      "std_bpm": 32.5
    },
    "Funk/Disco": {
      "count": 14,
      "min_bpm": 106.0,
      "max_bpm": 132.0,
      "mean_bpm": 119.64285714285714,
      "median_bpm": 119.0,
      "std_bpm": 9.216500287583155
    },
    "Indie Rock": {
      "count": 2,
      "min_bpm": 120.0,
      "max_bpm": 130.0,
      "mean_bpm": 125.0,
      "median_bpm": 125.0,
      "std_bpm": 5.0
    },
    "Country": {
      "count": 39,
      "min_bpm": 63.0,
      "max_bpm": 165.0,
      "mean_bpm": 95.23076923076923,
      "median_bpm": 89.0,
      "std_bpm": 22.96537141053174
    },
    "": {
      "count": 1,
      "min_bpm": 95.0,
      "max_bpm": 95.0,
      "mean_bpm": 95.0,
      "median_bpm": 95.0,
      "std_bpm": 0.0
    }
  },
  "rock_tracks": {
    "count": 117,
    "examples": [
      {
        "file": "0010_andjusticeforall",
        "title": "...and Justice for All (LP version)",
        "artist": "Metallica",
        "bpm": 172.0,
        "genre": "Metal",
        "duration": 592.11
      },
      {
        "file": "0546_18days",
        "title": "18 Days",
        "artist": "Saving Abel",
        "bpm": 65.0,
        "genre": "Rock",
        "duration": 229.297
      },
      {
        "file": "0330_50waystosaygoodbye",
        "title": "50 Ways to Say Goodbye",
        "artist": "Train",
        "bpm": 141.0,
        "genre": "Rock",
        "duration": 246.082
      },
      {
        "file": "0254_sixsixsix",
        "title": "666",
        "artist": "Anvil",
        "bpm": 148.0,
        "genre": "Metal",
        "duration": 281.195
      },
      {
        "file": "0013_athingaboutyou",
        "title": "A Thing About You",
        "artist": "Tom Petty & the Heartbreakers",
        "bpm": 152.0,
        "genre": "Rock",
        "duration": 300.307
      },
      {
        "file": "0004_abc",
        "title": "ABC",
        "artist": "The Jackson 5",
        "bpm": 94.0,
        "genre": "Pop-Rock",
        "duration": 180.955
      },
      {
        "file": "0552_addicted",
        "title": "Addicted",
        "artist": "Saving Abel",
        "bpm": 138.0,
        "genre": "Rock",
        "duration": 222.369
      },
      {
        "file": "0005_again",
        "title": "Again",
        "artist": "Flyleaf",
        "bpm": 78.0,
        "genre": "Alternative",
        "duration": 192.067
      },
      {
        "file": "0555_allaroundme",
        "title": "All Around Me",
        "artist": "Flyleaf",
        "bpm": 147.0,
        "genre": "Rock",
        "duration": 197.767
      },
      {
        "file": "0008_america",
        "title": "America",
        "artist": "Sp\u0131n\u0308al Tap",
        "bpm": 136.0,
        "genre": "Metal",
        "duration": 222.683
      },
      {
        "file": "0009_americanmusic",
        "title": "American Music",
        "artist": "Violent Femmes",
        "bpm": 133.0,
        "genre": "Alternative",
        "duration": 223.807
      },
      {
        "file": "0566_americanwoman",
        "title": "American Woman",
        "artist": "Lenny Kravitz",
        "bpm": 84.0,
        "genre": "Rock",
        "duration": 229.637
      },
      {
        "file": "0011_areyouexperienced",
        "title": "Are You Experienced?",
        "artist": "The Jimi Hendrix Experience",
        "bpm": 82.0,
        "genre": "Classic Rock",
        "duration": 257.717
      },
      {
        "file": "0014_babaoriley",
        "title": "Baba O'Riley",
        "artist": "The Who",
        "bpm": 118.0,
        "genre": "Classic Rock",
        "duration": 313.928
      },
      {
        "file": "0269_sweettalk",
        "title": "Back tha Fuck Up Off Me",
        "artist": "Haystak",
        "bpm": 80.0,
        "genre": "Rock",
        "duration": 182.942
      },
      {
        "file": "0342_bangpop",
        "title": "Bang Pop",
        "artist": "Free Energy",
        "bpm": 92.0,
        "genre": "Rock",
        "duration": 217.48
      },
      {
        "file": "0579_beatitstudioversion",
        "title": "Beat It",
        "artist": "Fall Out Boy feat. John Mayer",
        "bpm": 150.0,
        "genre": "Rock",
        "duration": 226.448
      },
      {
        "file": "0582_beautifulday",
        "title": "Beautiful Day",
        "artist": "U2",
        "bpm": 136.0,
        "genre": "Alternative",